{"Atlantic/Canary": {"push": "uspush.gizwits.com", "api": "usapi.gizwits.com", "site": "ussite.gizwits.com"}, "Australia/Melbourne": {"push": "uspush.gizwits.com", "api": "usapi.gizwits.com", "site": "ussite.gizwits.com"}, "Etc/GMT+9": {"push": "uspush.gizwits.com", "api": "usapi.gizwits.com", "site": "ussite.gizwits.com"}, "Etc/GMT+8": {"push": "uspush.gizwits.com", "api": "usapi.gizwits.com", "site": "ussite.gizwits.com"}, "Europe/Lisbon": {"push": "eupush.gizwits.com", "api": "euapi.gizwits.com", "site": "eusite.gizwits.com"}, "Etc/GMT+3": {"push": "uspush.gizwits.com", "api": "usapi.gizwits.com", "site": "ussite.gizwits.com"}, "Etc/GMT+2": {"push": "uspush.gizwits.com", "api": "usapi.gizwits.com", "site": "ussite.gizwits.com"}, "Etc/GMT+1": {"push": "uspush.gizwits.com", "api": "usapi.gizwits.com", "site": "ussite.gizwits.com"}, "Etc/GMT+0": {"push": "uspush.gizwits.com", "api": "usapi.gizwits.com", "site": "ussite.gizwits.com"}, "America/Nipigon": {"push": "uspush.gizwits.com", "api": "usapi.gizwits.com", "site": "ussite.gizwits.com"}, "Etc/GMT+6": {"push": "uspush.gizwits.com", "api": "usapi.gizwits.com", "site": "ussite.gizwits.com"}, "Etc/GMT+5": {"push": "uspush.gizwits.com", "api": "usapi.gizwits.com", "site": "ussite.gizwits.com"}, "America/Miquelon": {"push": "uspush.gizwits.com", "api": "usapi.gizwits.com", "site": "ussite.gizwits.com"}, "Pacific/Wallis": {"push": "uspush.gizwits.com", "api": "usapi.gizwits.com", "site": "ussite.gizwits.com"}, "America/Fort_Nelson": {"push": "uspush.gizwits.com", "api": "usapi.gizwits.com", "site": "ussite.gizwits.com"}, "Antarctica/Davis": {"push": "uspush.gizwits.com", "api": "usapi.gizwits.com", "site": "ussite.gizwits.com"}, "America/Coral_Harbour": {"push": "uspush.gizwits.com", "api": "usapi.gizwits.com", "site": "ussite.gizwits.com"}, "Asia/Dhaka": {"push": "uspush.gizwits.com", "api": "usapi.gizwits.com", "site": "ussite.gizwits.com"}, "America/St_Lucia": {"push": "uspush.gizwits.com", "api": "usapi.gizwits.com", "site": "ussite.gizwits.com"}, "Canada/Newfoundland": {"push": "uspush.gizwits.com", "api": "usapi.gizwits.com", "site": "ussite.gizwits.com"}, "Asia/Kashgar": {"push": "uspush.gizwits.com", "api": "usapi.gizwits.com", "site": "ussite.gizwits.com"}, "Asia/Kuching": {"push": "uspush.gizwits.com", "api": "usapi.gizwits.com", "site": "ussite.gizwits.com"}, "America/Phoenix": {"push": "uspush.gizwits.com", "api": "usapi.gizwits.com", "site": "ussite.gizwits.com"}, "Europe/Kaliningrad": {"push": "eupush.gizwits.com", "api": "euapi.gizwits.com", "site": "eusite.gizwits.com"}, "Etc/GMT+7": {"push": "uspush.gizwits.com", "api": "usapi.gizwits.com", "site": "ussite.gizwits.com"}, "America/Mazatlan": {"push": "uspush.gizwits.com", "api": "usapi.gizwits.com", "site": "ussite.gizwits.com"}, "Arctic/Longyearbyen": {"push": "uspush.gizwits.com", "api": "usapi.gizwits.com", "site": "ussite.gizwits.com"}, "Europe/Guernsey": {"push": "eupush.gizwits.com", "api": "euapi.gizwits.com", "site": "eusite.gizwits.com"}, "GB": {"push": "eupush.gizwits.com", "api": "euapi.gizwits.com", "site": "eusite.gizwits.com"}, "Antarctica/Rothera": {"push": "uspush.gizwits.com", "api": "usapi.gizwits.com", "site": "ussite.gizwits.com"}, "Europe/Stockholm": {"push": "eupush.gizwits.com", "api": "euapi.gizwits.com", "site": "eusite.gizwits.com"}, "Pacific/Fiji": {"push": "uspush.gizwits.com", "api": "usapi.gizwits.com", "site": "ussite.gizwits.com"}, "Pacific/Apia": {"push": "uspush.gizwits.com", "api": "usapi.gizwits.com", "site": "ussite.gizwits.com"}, "Etc/GMT+4": {"push": "uspush.gizwits.com", "api": "usapi.gizwits.com", "site": "ussite.gizwits.com"}, "Pacific/Pago_Pago": {"push": "uspush.gizwits.com", "api": "usapi.gizwits.com", "site": "ussite.gizwits.com"}, "Asia/Rangoon": {"push": "uspush.gizwits.com", "api": "usapi.gizwits.com", "site": "ussite.gizwits.com"}, "America/Mexico_City": {"push": "uspush.gizwits.com", "api": "usapi.gizwits.com", "site": "ussite.gizwits.com"}, "America/Ensenada": {"push": "uspush.gizwits.com", "api": "usapi.gizwits.com", "site": "ussite.gizwits.com"}, "America/Puerto_Rico": {"push": "uspush.gizwits.com", "api": "usapi.gizwits.com", "site": "ussite.gizwits.com"}, "Indian/Mauritius": {"push": "eupush.gizwits.com", "api": "euapi.gizwits.com", "site": "eusite.gizwits.com"}, "Europe/Berlin": {"push": "eupush.gizwits.com", "api": "euapi.gizwits.com", "site": "eusite.gizwits.com"}, "Europe/Zurich": {"push": "eupush.gizwits.com", "api": "euapi.gizwits.com", "site": "eusite.gizwits.com"}, "Africa/Casablanca": {"push": "eupush.gizwits.com", "api": "euapi.gizwits.com", "site": "eusite.gizwits.com"}, "Antarctica/Macquarie": {"push": "uspush.gizwits.com", "api": "usapi.gizwits.com", "site": "ussite.gizwits.com"}, "Europe/Warsaw": {"push": "eupush.gizwits.com", "api": "euapi.gizwits.com", "site": "eusite.gizwits.com"}, "Asia/Krasnoyarsk": {"push": "uspush.gizwits.com", "api": "usapi.gizwits.com", "site": "ussite.gizwits.com"}, "Australia/Canberra": {"push": "uspush.gizwits.com", "api": "usapi.gizwits.com", "site": "ussite.gizwits.com"}, "Atlantic/Bermuda": {"push": "uspush.gizwits.com", "api": "usapi.gizwits.com", "site": "ussite.gizwits.com"}, "Asia/Ujung_Pandang": {"push": "uspush.gizwits.com", "api": "usapi.gizwits.com", "site": "ussite.gizwits.com"}, "America/Araguaina": {"push": "uspush.gizwits.com", "api": "usapi.gizwits.com", "site": "ussite.gizwits.com"}, "Asia/Tehran": {"push": "uspush.gizwits.com", "api": "usapi.gizwits.com", "site": "ussite.gizwits.com"}, "Asia/Saigon": {"push": "uspush.gizwits.com", "api": "usapi.gizwits.com", "site": "ussite.gizwits.com"}, "Asia/Baku": {"push": "uspush.gizwits.com", "api": "usapi.gizwits.com", "site": "ussite.gizwits.com"}, "America/St_Barthelemy": {"push": "uspush.gizwits.com", "api": "usapi.gizwits.com", "site": "ussite.gizwits.com"}, "America/Porto_Acre": {"push": "uspush.gizwits.com", "api": "usapi.gizwits.com", "site": "ussite.gizwits.com"}, "America/Santarem": {"push": "uspush.gizwits.com", "api": "usapi.gizwits.com", "site": "ussite.gizwits.com"}, "Australia/NSW": {"push": "uspush.gizwits.com", "api": "usapi.gizwits.com", "site": "ussite.gizwits.com"}, "Libya": {"push": "uspush.gizwits.com", "api": "usapi.gizwits.com", "site": "ussite.gizwits.com"}, "America/Danmarkshavn": {"push": "uspush.gizwits.com", "api": "usapi.gizwits.com", "site": "ussite.gizwits.com"}, "America/Scoresbysund": {"push": "uspush.gizwits.com", "api": "usapi.gizwits.com", "site": "ussite.gizwits.com"}, "America/Eirunepe": {"push": "uspush.gizwits.com", "api": "usapi.gizwits.com", "site": "ussite.gizwits.com"}, "America/Caracas": {"push": "uspush.gizwits.com", "api": "usapi.gizwits.com", "site": "ussite.gizwits.com"}, "Asia/Baghdad": {"push": "uspush.gizwits.com", "api": "usapi.gizwits.com", "site": "ussite.gizwits.com"}, "Africa/Monrovia": {"push": "eupush.gizwits.com", "api": "euapi.gizwits.com", "site": "eusite.gizwits.com"}, "America/St_Vincent": {"push": "uspush.gizwits.com", "api": "usapi.gizwits.com", "site": "ussite.gizwits.com"}, "Portugal": {"push": "uspush.gizwits.com", "api": "usapi.gizwits.com", "site": "ussite.gizwits.com"}, "Europe/Tiraspol": {"push": "eupush.gizwits.com", "api": "euapi.gizwits.com", "site": "eusite.gizwits.com"}, "America/Vancouver": {"push": "uspush.gizwits.com", "api": "usapi.gizwits.com", "site": "ussite.gizwits.com"}, "Asia/Ho_Chi_Minh": {"push": "uspush.gizwits.com", "api": "usapi.gizwits.com", "site": "ussite.gizwits.com"}, "Europe/Busingen": {"push": "eupush.gizwits.com", "api": "euapi.gizwits.com", "site": "eusite.gizwits.com"}, "Etc/GMT0": {"push": "uspush.gizwits.com", "api": "usapi.gizwits.com", "site": "ussite.gizwits.com"}, "Asia/Thimphu": {"push": "uspush.gizwits.com", "api": "usapi.gizwits.com", "site": "ussite.gizwits.com"}, "Africa/Ouagadougou": {"push": "eupush.gizwits.com", "api": "euapi.gizwits.com", "site": "eusite.gizwits.com"}, "America/Belize": {"push": "uspush.gizwits.com", "api": "usapi.gizwits.com", "site": "ussite.gizwits.com"}, "America/Port_of_Spain": {"push": "uspush.gizwits.com", "api": "usapi.gizwits.com", "site": "ussite.gizwits.com"}, "Greenwich": {"push": "eupush.gizwits.com", "api": "euapi.gizwits.com", "site": "eusite.gizwits.com"}, "Asia/Tashkent": {"push": "uspush.gizwits.com", "api": "usapi.gizwits.com", "site": "ussite.gizwits.com"}, "Asia/Tokyo": {"push": "uspush.gizwits.com", "api": "usapi.gizwits.com", "site": "ussite.gizwits.com"}, "Pacific/Kiritimati": {"push": "uspush.gizwits.com", "api": "usapi.gizwits.com", "site": "ussite.gizwits.com"}, "Australia/Sydney": {"push": "uspush.gizwits.com", "api": "usapi.gizwits.com", "site": "ussite.gizwits.com"}, "Europe/Riga": {"push": "eupush.gizwits.com", "api": "euapi.gizwits.com", "site": "eusite.gizwits.com"}, "Asia/Dili": {"push": "uspush.gizwits.com", "api": "usapi.gizwits.com", "site": "ussite.gizwits.com"}, "Africa/Mbabane": {"push": "eupush.gizwits.com", "api": "euapi.gizwits.com", "site": "eusite.gizwits.com"}, "Asia/Oral": {"push": "uspush.gizwits.com", "api": "usapi.gizwits.com", "site": "ussite.gizwits.com"}, "Asia/Aden": {"push": "uspush.gizwits.com", "api": "usapi.gizwits.com", "site": "ussite.gizwits.com"}, "Europe/Isle_of_Man": {"push": "eupush.gizwits.com", "api": "euapi.gizwits.com", "site": "eusite.gizwits.com"}, "Europe/Istanbul": {"push": "eupush.gizwits.com", "api": "euapi.gizwits.com", "site": "eusite.gizwits.com"}, "Asia/Magadan": {"push": "uspush.gizwits.com", "api": "usapi.gizwits.com", "site": "ussite.gizwits.com"}, "Australia/Lindeman": {"push": "uspush.gizwits.com", "api": "usapi.gizwits.com", "site": "ussite.gizwits.com"}, "US/Michigan": {"push": "uspush.gizwits.com", "api": "usapi.gizwits.com", "site": "ussite.gizwits.com"}, "Pacific/Galapagos": {"push": "uspush.gizwits.com", "api": "usapi.gizwits.com", "site": "ussite.gizwits.com"}, "America/Bogota": {"push": "uspush.gizwits.com", "api": "usapi.gizwits.com", "site": "ussite.gizwits.com"}, "Africa/Asmara": {"push": "eupush.gizwits.com", "api": "euapi.gizwits.com", "site": "eusite.gizwits.com"}, "America/Chicago": {"push": "uspush.gizwits.com", "api": "usapi.gizwits.com", "site": "ussite.gizwits.com"}, "Pacific/Kwajalein": {"push": "uspush.gizwits.com", "api": "usapi.gizwits.com", "site": "ussite.gizwits.com"}, "Australia/Broken_Hill": {"push": "uspush.gizwits.com", "api": "usapi.gizwits.com", "site": "ussite.gizwits.com"}, "America/Cuiaba": {"push": "uspush.gizwits.com", "api": "usapi.gizwits.com", "site": "ussite.gizwits.com"}, "Indian/Christmas": {"push": "eupush.gizwits.com", "api": "euapi.gizwits.com", "site": "eusite.gizwits.com"}, "Asia/Jayapura": {"push": "uspush.gizwits.com", "api": "usapi.gizwits.com", "site": "ussite.gizwits.com"}, "Europe/Brussels": {"push": "eupush.gizwits.com", "api": "euapi.gizwits.com", "site": "eusite.gizwits.com"}, "Iceland": {"push": "eupush.gizwits.com", "api": "euapi.gizwits.com", "site": "eusite.gizwits.com"}, "Asia/Chongqing": {"push": "uspush.gizwits.com", "api": "usapi.gizwits.com", "site": "ussite.gizwits.com"}, "America/Argentina/Cordoba": {"push": "uspush.gizwits.com", "api": "usapi.gizwits.com", "site": "ussite.gizwits.com"}, "Canada/Pacific": {"push": "uspush.gizwits.com", "api": "usapi.gizwits.com", "site": "ussite.gizwits.com"}, "America/Noronha": {"push": "uspush.gizwits.com", "api": "usapi.gizwits.com", "site": "ussite.gizwits.com"}, "Europe/Podgorica": {"push": "eupush.gizwits.com", "api": "euapi.gizwits.com", "site": "eusite.gizwits.com"}, "Africa/Algiers": {"push": "eupush.gizwits.com", "api": "euapi.gizwits.com", "site": "eusite.gizwits.com"}, "Africa/Harare": {"push": "eupush.gizwits.com", "api": "euapi.gizwits.com", "site": "eusite.gizwits.com"}, "Africa/Ndjamena": {"push": "eupush.gizwits.com", "api": "euapi.gizwits.com", "site": "eusite.gizwits.com"}, "America/Costa_Rica": {"push": "uspush.gizwits.com", "api": "usapi.gizwits.com", "site": "ussite.gizwits.com"}, "Europe/Ljubljana": {"push": "eupush.gizwits.com", "api": "euapi.gizwits.com", "site": "eusite.gizwits.com"}, "Indian/Mayotte": {"push": "eupush.gizwits.com", "api": "euapi.gizwits.com", "site": "eusite.gizwits.com"}, "Asia/Phnom_Penh": {"push": "uspush.gizwits.com", "api": "usapi.gizwits.com", "site": "ussite.gizwits.com"}, "America/Managua": {"push": "uspush.gizwits.com", "api": "usapi.gizwits.com", "site": "ussite.gizwits.com"}, "America/Pangnirtung": {"push": "uspush.gizwits.com", "api": "usapi.gizwits.com", "site": "ussite.gizwits.com"}, "Etc/GMT+12": {"push": "uspush.gizwits.com", "api": "usapi.gizwits.com", "site": "ussite.gizwits.com"}, "America/Tijuana": {"push": "uspush.gizwits.com", "api": "usapi.gizwits.com", "site": "ussite.gizwits.com"}, "Pacific/Fakaofo": {"push": "uspush.gizwits.com", "api": "usapi.gizwits.com", "site": "ussite.gizwits.com"}, "America/Martinique": {"push": "uspush.gizwits.com", "api": "usapi.gizwits.com", "site": "ussite.gizwits.com"}, "America/Antigua": {"push": "uspush.gizwits.com", "api": "usapi.gizwits.com", "site": "ussite.gizwits.com"}, "America/Indiana/Indianapolis": {"push": "uspush.gizwits.com", "api": "usapi.gizwits.com", "site": "ussite.gizwits.com"}, "America/Argentina/La_Rioja": {"push": "uspush.gizwits.com", "api": "usapi.gizwits.com", "site": "ussite.gizwits.com"}, "Pacific/Tahiti": {"push": "uspush.gizwits.com", "api": "usapi.gizwits.com", "site": "ussite.gizwits.com"}, "Asia/Brunei": {"push": "uspush.gizwits.com", "api": "usapi.gizwits.com", "site": "ussite.gizwits.com"}, "Europe/Zagreb": {"push": "eupush.gizwits.com", "api": "euapi.gizwits.com", "site": "eusite.gizwits.com"}, "America/Asuncion": {"push": "uspush.gizwits.com", "api": "usapi.gizwits.com", "site": "ussite.gizwits.com"}, "Europe/Vienna": {"push": "eupush.gizwits.com", "api": "euapi.gizwits.com", "site": "eusite.gizwits.com"}, "Mexico/General": {"push": "uspush.gizwits.com", "api": "usapi.gizwits.com", "site": "ussite.gizwits.com"}, "Australia/Hobart": {"push": "uspush.gizwits.com", "api": "usapi.gizwits.com", "site": "ussite.gizwits.com"}, "Europe/Belfast": {"push": "eupush.gizwits.com", "api": "euapi.gizwits.com", "site": "eusite.gizwits.com"}, "America/Juneau": {"push": "uspush.gizwits.com", "api": "usapi.gizwits.com", "site": "ussite.gizwits.com"}, "America/Inuvik": {"push": "uspush.gizwits.com", "api": "usapi.gizwits.com", "site": "ussite.gizwits.com"}, "America/Ojinaga": {"push": "uspush.gizwits.com", "api": "usapi.gizwits.com", "site": "ussite.gizwits.com"}, "Europe/Astrakhan": {"push": "eupush.gizwits.com", "api": "euapi.gizwits.com", "site": "eusite.gizwits.com"}, "America/Montreal": {"push": "uspush.gizwits.com", "api": "usapi.gizwits.com", "site": "ussite.gizwits.com"}, "Asia/Seoul": {"push": "uspush.gizwits.com", "api": "usapi.gizwits.com", "site": "ussite.gizwits.com"}, "Brazil/Acre": {"push": "uspush.gizwits.com", "api": "usapi.gizwits.com", "site": "ussite.gizwits.com"}, "Indian/Comoro": {"push": "eupush.gizwits.com", "api": "euapi.gizwits.com", "site": "eusite.gizwits.com"}, "Europe/Paris": {"push": "eupush.gizwits.com", "api": "euapi.gizwits.com", "site": "eusite.gizwits.com"}, "Hongkong": {"push": "eupush.gizwits.com", "api": "euapi.gizwits.com", "site": "eusite.gizwits.com"}, "Europe/Tallinn": {"push": "eupush.gizwits.com", "api": "euapi.gizwits.com", "site": "eusite.gizwits.com"}, "Indian/Mahe": {"push": "eupush.gizwits.com", "api": "euapi.gizwits.com", "site": "eusite.gizwits.com"}, "Asia/Calcutta": {"push": "uspush.gizwits.com", "api": "usapi.gizwits.com", "site": "ussite.gizwits.com"}, "Australia/South": {"push": "uspush.gizwits.com", "api": "usapi.gizwits.com", "site": "ussite.gizwits.com"}, "America/Argentina/Jujuy": {"push": "uspush.gizwits.com", "api": "usapi.gizwits.com", "site": "ussite.gizwits.com"}, "America/Creston": {"push": "uspush.gizwits.com", "api": "usapi.gizwits.com", "site": "ussite.gizwits.com"}, "America/Adak": {"push": "uspush.gizwits.com", "api": "usapi.gizwits.com", "site": "ussite.gizwits.com"}, "Asia/Singapore": {"push": "uspush.gizwits.com", "api": "usapi.gizwits.com", "site": "ussite.gizwits.com"}, "PRC": {"push": "uspush.gizwits.com", "api": "usapi.gizwits.com", "site": "ussite.gizwits.com"}, "Africa/Nairobi": {"push": "eupush.gizwits.com", "api": "euapi.gizwits.com", "site": "eusite.gizwits.com"}, "Asia/Thimbu": {"push": "uspush.gizwits.com", "api": "usapi.gizwits.com", "site": "ussite.gizwits.com"}, "America/Maceio": {"push": "uspush.gizwits.com", "api": "usapi.gizwits.com", "site": "ussite.gizwits.com"}, "Africa/Cairo": {"push": "eupush.gizwits.com", "api": "euapi.gizwits.com", "site": "eusite.gizwits.com"}, "Europe/Moscow": {"push": "eupush.gizwits.com", "api": "euapi.gizwits.com", "site": "eusite.gizwits.com"}, "Antarctica/Palmer": {"push": "uspush.gizwits.com", "api": "usapi.gizwits.com", "site": "ussite.gizwits.com"}, "Asia/Ulaanbaatar": {"push": "uspush.gizwits.com", "api": "usapi.gizwits.com", "site": "ussite.gizwits.com"}, "America/Rainy_River": {"push": "uspush.gizwits.com", "api": "usapi.gizwits.com", "site": "ussite.gizwits.com"}, "Africa/Kampala": {"push": "eupush.gizwits.com", "api": "euapi.gizwits.com", "site": "eusite.gizwits.com"}, "Asia/Colombo": {"push": "uspush.gizwits.com", "api": "usapi.gizwits.com", "site": "ussite.gizwits.com"}, "Canada/Mountain": {"push": "uspush.gizwits.com", "api": "usapi.gizwits.com", "site": "ussite.gizwits.com"}, "Australia/Adelaide": {"push": "uspush.gizwits.com", "api": "usapi.gizwits.com", "site": "ussite.gizwits.com"}, "America/Cambridge_Bay": {"push": "uspush.gizwits.com", "api": "usapi.gizwits.com", "site": "ussite.gizwits.com"}, "Africa/Luanda": {"push": "eupush.gizwits.com", "api": "euapi.gizwits.com", "site": "eusite.gizwits.com"}, "Pacific/Chatham": {"push": "uspush.gizwits.com", "api": "usapi.gizwits.com", "site": "ussite.gizwits.com"}, "America/Indiana/Winamac": {"push": "uspush.gizwits.com", "api": "usapi.gizwits.com", "site": "ussite.gizwits.com"}, "Asia/Dacca": {"push": "uspush.gizwits.com", "api": "usapi.gizwits.com", "site": "ussite.gizwits.com"}, "America/Cordoba": {"push": "uspush.gizwits.com", "api": "usapi.gizwits.com", "site": "ussite.gizwits.com"}, "Asia/Tbilisi": {"push": "uspush.gizwits.com", "api": "usapi.gizwits.com", "site": "ussite.gizwits.com"}, "Europe/Gibraltar": {"push": "eupush.gizwits.com", "api": "euapi.gizwits.com", "site": "eusite.gizwits.com"}, "Asia/Karachi": {"push": "uspush.gizwits.com", "api": "usapi.gizwits.com", "site": "ussite.gizwits.com"}, "Asia/Harbin": {"push": "uspush.gizwits.com", "api": "usapi.gizwits.com", "site": "ussite.gizwits.com"}, "Australia/Lord_Howe": {"push": "uspush.gizwits.com", "api": "usapi.gizwits.com", "site": "ussite.gizwits.com"}, "Etc/GMT-9": {"push": "uspush.gizwits.com", "api": "usapi.gizwits.com", "site": "ussite.gizwits.com"}, "Etc/GMT-8": {"push": "uspush.gizwits.com", "api": "usapi.gizwits.com", "site": "ussite.gizwits.com"}, "America/Bahia_Banderas": {"push": "uspush.gizwits.com", "api": "usapi.gizwits.com", "site": "ussite.gizwits.com"}, "Etc/GMT-1": {"push": "uspush.gizwits.com", "api": "usapi.gizwits.com", "site": "ussite.gizwits.com"}, "Australia/Tasmania": {"push": "uspush.gizwits.com", "api": "usapi.gizwits.com", "site": "ussite.gizwits.com"}, "Etc/GMT-3": {"push": "uspush.gizwits.com", "api": "usapi.gizwits.com", "site": "ussite.gizwits.com"}, "Etc/GMT-2": {"push": "uspush.gizwits.com", "api": "usapi.gizwits.com", "site": "ussite.gizwits.com"}, "Etc/GMT-5": {"push": "uspush.gizwits.com", "api": "usapi.gizwits.com", "site": "ussite.gizwits.com"}, "Etc/GMT-4": {"push": "uspush.gizwits.com", "api": "usapi.gizwits.com", "site": "ussite.gizwits.com"}, "Etc/GMT-7": {"push": "uspush.gizwits.com", "api": "usapi.gizwits.com", "site": "ussite.gizwits.com"}, "Etc/GMT-6": {"push": "uspush.gizwits.com", "api": "usapi.gizwits.com", "site": "ussite.gizwits.com"}, "America/Boa_Vista": {"push": "uspush.gizwits.com", "api": "usapi.gizwits.com", "site": "ussite.gizwits.com"}, "Eire": {"push": "uspush.gizwits.com", "api": "usapi.gizwits.com", "site": "ussite.gizwits.com"}, "America/Lima": {"push": "uspush.gizwits.com", "api": "usapi.gizwits.com", "site": "ussite.gizwits.com"}, "Indian/Reunion": {"push": "push.gizwitsapi.com", "api": "api.gizwits.com", "site": "site.gizwits.com"}, "Atlantic/Stanley": {"push": "uspush.gizwits.com", "api": "usapi.gizwits.com", "site": "ussite.gizwits.com"}, "Asia/Srednekolymsk": {"push": "uspush.gizwits.com", "api": "usapi.gizwits.com", "site": "ussite.gizwits.com"}, "CET": {"push": "uspush.gizwits.com", "api": "usapi.gizwits.com", "site": "ussite.gizwits.com"}, "Etc/GMT-13": {"push": "uspush.gizwits.com", "api": "usapi.gizwits.com", "site": "ussite.gizwits.com"}, "America/Blanc-Sablon": {"push": "uspush.gizwits.com", "api": "usapi.gizwits.com", "site": "ussite.gizwits.com"}, "Australia/West": {"push": "uspush.gizwits.com", "api": "usapi.gizwits.com", "site": "ussite.gizwits.com"}, "Antarctica/Syowa": {"push": "uspush.gizwits.com", "api": "usapi.gizwits.com", "site": "ussite.gizwits.com"}, "America/Jamaica": {"push": "uspush.gizwits.com", "api": "usapi.gizwits.com", "site": "ussite.gizwits.com"}, "Europe/Kiev": {"push": "eupush.gizwits.com", "api": "euapi.gizwits.com", "site": "eusite.gizwits.com"}, "Europe/Budapest": {"push": "eupush.gizwits.com", "api": "euapi.gizwits.com", "site": "eusite.gizwits.com"}, "Canada/Eastern": {"push": "uspush.gizwits.com", "api": "usapi.gizwits.com", "site": "ussite.gizwits.com"}, "Pacific/Midway": {"push": "uspush.gizwits.com", "api": "usapi.gizwits.com", "site": "ussite.gizwits.com"}, "America/Goose_Bay": {"push": "uspush.gizwits.com", "api": "usapi.gizwits.com", "site": "ussite.gizwits.com"}, "Australia/Victoria": {"push": "uspush.gizwits.com", "api": "usapi.gizwits.com", "site": "ussite.gizwits.com"}, "Asia/Amman": {"push": "uspush.gizwits.com", "api": "usapi.gizwits.com", "site": "ussite.gizwits.com"}, "Asia/Sakhalin": {"push": "uspush.gizwits.com", "api": "usapi.gizwits.com", "site": "ussite.gizwits.com"}, "Africa/Windhoek": {"push": "eupush.gizwits.com", "api": "euapi.gizwits.com", "site": "eusite.gizwits.com"}, "US/Pacific": {"push": "uspush.gizwits.com", "api": "usapi.gizwits.com", "site": "ussite.gizwits.com"}, "America/Sitka": {"push": "uspush.gizwits.com", "api": "usapi.gizwits.com", "site": "ussite.gizwits.com"}, "Asia/Katmandu": {"push": "uspush.gizwits.com", "api": "usapi.gizwits.com", "site": "ussite.gizwits.com"}, "America/Guyana": {"push": "uspush.gizwits.com", "api": "usapi.gizwits.com", "site": "ussite.gizwits.com"}, "Pacific/Pohnpei": {"push": "uspush.gizwits.com", "api": "usapi.gizwits.com", "site": "ussite.gizwits.com"}, "America/Sao_Paulo": {"push": "uspush.gizwits.com", "api": "usapi.gizwits.com", "site": "ussite.gizwits.com"}, "Turkey": {"push": "uspush.gizwits.com", "api": "usapi.gizwits.com", "site": "ussite.gizwits.com"}, "Australia/Yancowinna": {"push": "uspush.gizwits.com", "api": "usapi.gizwits.com", "site": "ussite.gizwits.com"}, "America/Lower_Princes": {"push": "uspush.gizwits.com", "api": "usapi.gizwits.com", "site": "ussite.gizwits.com"}, "Australia/Perth": {"push": "uspush.gizwits.com", "api": "usapi.gizwits.com", "site": "ussite.gizwits.com"}, "Africa/Djibouti": {"push": "eupush.gizwits.com", "api": "euapi.gizwits.com", "site": "eusite.gizwits.com"}, "Asia/Jakarta": {"push": "uspush.gizwits.com", "api": "usapi.gizwits.com", "site": "ussite.gizwits.com"}, "Asia/Pyongyang": {"push": "uspush.gizwits.com", "api": "usapi.gizwits.com", "site": "ussite.gizwits.com"}, "EST5EDT": {"push": "uspush.gizwits.com", "api": "usapi.gizwits.com", "site": "ussite.gizwits.com"}, "Africa/Johannesburg": {"push": "eupush.gizwits.com", "api": "euapi.gizwits.com", "site": "eusite.gizwits.com"}, "Canada/East-Saskatchewan": {"push": "uspush.gizwits.com", "api": "usapi.gizwits.com", "site": "ussite.gizwits.com"}, "Asia/Tel_Aviv": {"push": "uspush.gizwits.com", "api": "usapi.gizwits.com", "site": "ussite.gizwits.com"}, "Antarctica/Troll": {"push": "uspush.gizwits.com", "api": "usapi.gizwits.com", "site": "ussite.gizwits.com"}, "Asia/Istanbul": {"push": "uspush.gizwits.com", "api": "usapi.gizwits.com", "site": "ussite.gizwits.com"}, "Asia/Irkutsk": {"push": "uspush.gizwits.com", "api": "usapi.gizwits.com", "site": "ussite.gizwits.com"}, "Iran": {"push": "uspush.gizwits.com", "api": "usapi.gizwits.com", "site": "ussite.gizwits.com"}, "Australia/ACT": {"push": "uspush.gizwits.com", "api": "usapi.gizwits.com", "site": "ussite.gizwits.com"}, "Africa/Niamey": {"push": "eupush.gizwits.com", "api": "euapi.gizwits.com", "site": "eusite.gizwits.com"}, "Australia/North": {"push": "uspush.gizwits.com", "api": "usapi.gizwits.com", "site": "ussite.gizwits.com"}, "America/Belem": {"push": "uspush.gizwits.com", "api": "usapi.gizwits.com", "site": "ussite.gizwits.com"}, "Asia/Bishkek": {"push": "uspush.gizwits.com", "api": "usapi.gizwits.com", "site": "ussite.gizwits.com"}, "Africa/Nouakchott": {"push": "eupush.gizwits.com", "api": "euapi.gizwits.com", "site": "eusite.gizwits.com"}, "Asia/Ashkhabad": {"push": "uspush.gizwits.com", "api": "usapi.gizwits.com", "site": "ussite.gizwits.com"}, "Europe/Vilnius": {"push": "eupush.gizwits.com", "api": "euapi.gizwits.com", "site": "eusite.gizwits.com"}, "America/Cayenne": {"push": "uspush.gizwits.com", "api": "usapi.gizwits.com", "site": "ussite.gizwits.com"}, "Africa/Mogadishu": {"push": "eupush.gizwits.com", "api": "euapi.gizwits.com", "site": "eusite.gizwits.com"}, "NZ": {"push": "uspush.gizwits.com", "api": "usapi.gizwits.com", "site": "ussite.gizwits.com"}, "America/Kentucky/Monticello": {"push": "uspush.gizwits.com", "api": "usapi.gizwits.com", "site": "ussite.gizwits.com"}, "America/Rio_Branco": {"push": "uspush.gizwits.com", "api": "usapi.gizwits.com", "site": "ussite.gizwits.com"}, "America/Cancun": {"push": "uspush.gizwits.com", "api": "usapi.gizwits.com", "site": "ussite.gizwits.com"}, "America/Havana": {"push": "uspush.gizwits.com", "api": "usapi.gizwits.com", "site": "ussite.gizwits.com"}, "Chile/EasterIsland": {"push": "uspush.gizwits.com", "api": "usapi.gizwits.com", "site": "ussite.gizwits.com"}, "Pacific/Guam": {"push": "uspush.gizwits.com", "api": "usapi.gizwits.com", "site": "ussite.gizwits.com"}, "Pacific/Kosrae": {"push": "uspush.gizwits.com", "api": "usapi.gizwits.com", "site": "ussite.gizwits.com"}, "Canada/Atlantic": {"push": "uspush.gizwits.com", "api": "usapi.gizwits.com", "site": "ussite.gizwits.com"}, "US/Arizona": {"push": "uspush.gizwits.com", "api": "usapi.gizwits.com", "site": "ussite.gizwits.com"}, "Atlantic/Azores": {"push": "uspush.gizwits.com", "api": "usapi.gizwits.com", "site": "ussite.gizwits.com"}, "Australia/Eucla": {"push": "uspush.gizwits.com", "api": "usapi.gizwits.com", "site": "ussite.gizwits.com"}, "Asia/Shanghai": {"push": "push.gizwitsapi.com", "api": "api.gizwits.com", "site": "site.gizwits.com"}, "US/Alaska": {"push": "uspush.gizwits.com", "api": "usapi.gizwits.com", "site": "ussite.gizwits.com"}, "America/Godthab": {"push": "uspush.gizwits.com", "api": "usapi.gizwits.com", "site": "ussite.gizwits.com"}, "Asia/Beirut": {"push": "uspush.gizwits.com", "api": "usapi.gizwits.com", "site": "ussite.gizwits.com"}, "Africa/Maputo": {"push": "eupush.gizwits.com", "api": "euapi.gizwits.com", "site": "eusite.gizwits.com"}, "Asia/Bahrain": {"push": "uspush.gizwits.com", "api": "usapi.gizwits.com", "site": "ussite.gizwits.com"}, "Asia/Ashgabat": {"push": "uspush.gizwits.com", "api": "usapi.gizwits.com", "site": "ussite.gizwits.com"}, "Asia/Riyadh": {"push": "uspush.gizwits.com", "api": "usapi.gizwits.com", "site": "ussite.gizwits.com"}, "Atlantic/Jan_Mayen": {"push": "uspush.gizwits.com", "api": "usapi.gizwits.com", "site": "ussite.gizwits.com"}, "Atlantic/Faeroe": {"push": "uspush.gizwits.com", "api": "usapi.gizwits.com", "site": "ussite.gizwits.com"}, "America/Montevideo": {"push": "uspush.gizwits.com", "api": "usapi.gizwits.com", "site": "ussite.gizwits.com"}, "America/Anguilla": {"push": "uspush.gizwits.com", "api": "usapi.gizwits.com", "site": "ussite.gizwits.com"}, "Asia/Damascus": {"push": "uspush.gizwits.com", "api": "usapi.gizwits.com", "site": "ussite.gizwits.com"}, "America/North_Dakota/Center": {"push": "uspush.gizwits.com", "api": "usapi.gizwits.com", "site": "ussite.gizwits.com"}, "UCT": {"push": "uspush.gizwits.com", "api": "usapi.gizwits.com", "site": "ussite.gizwits.com"}, "America/Indiana/Vevay": {"push": "uspush.gizwits.com", "api": "usapi.gizwits.com", "site": "ussite.gizwits.com"}, "Atlantic/St_Helena": {"push": "uspush.gizwits.com", "api": "usapi.gizwits.com", "site": "ussite.gizwits.com"}, "America/Barbados": {"push": "uspush.gizwits.com", "api": "usapi.gizwits.com", "site": "ussite.gizwits.com"}, "Europe/Vatican": {"push": "eupush.gizwits.com", "api": "euapi.gizwits.com", "site": "eusite.gizwits.com"}, "America/Indiana/Vincennes": {"push": "uspush.gizwits.com", "api": "usapi.gizwits.com", "site": "ussite.gizwits.com"}, "Asia/Almaty": {"push": "uspush.gizwits.com", "api": "usapi.gizwits.com", "site": "ussite.gizwits.com"}, "Australia/Queensland": {"push": "uspush.gizwits.com", "api": "usapi.gizwits.com", "site": "ussite.gizwits.com"}, "America/Santo_Domingo": {"push": "uspush.gizwits.com", "api": "usapi.gizwits.com", "site": "ussite.gizwits.com"}, "Africa/Brazzaville": {"push": "eupush.gizwits.com", "api": "euapi.gizwits.com", "site": "eusite.gizwits.com"}, "America/Fort_Wayne": {"push": "uspush.gizwits.com", "api": "usapi.gizwits.com", "site": "ussite.gizwits.com"}, "America/Nome": {"push": "uspush.gizwits.com", "api": "usapi.gizwits.com", "site": "ussite.gizwits.com"}, "Asia/Taipei": {"push": "uspush.gizwits.com", "api": "usapi.gizwits.com", "site": "ussite.gizwits.com"}, "America/Yakutat": {"push": "uspush.gizwits.com", "api": "usapi.gizwits.com", "site": "ussite.gizwits.com"}, "W-SU": {"push": "uspush.gizwits.com", "api": "usapi.gizwits.com", "site": "ussite.gizwits.com"}, "America/Argentina/Mendoza": {"push": "uspush.gizwits.com", "api": "usapi.gizwits.com", "site": "ussite.gizwits.com"}, "Zulu": {"push": "uspush.gizwits.com", "api": "usapi.gizwits.com", "site": "ussite.gizwits.com"}, "Egypt": {"push": "uspush.gizwits.com", "api": "usapi.gizwits.com", "site": "ussite.gizwits.com"}, "America/Tortola": {"push": "uspush.gizwits.com", "api": "usapi.gizwits.com", "site": "ussite.gizwits.com"}, "Etc/UTC": {"push": "uspush.gizwits.com", "api": "usapi.gizwits.com", "site": "ussite.gizwits.com"}, "Brazil/East": {"push": "uspush.gizwits.com", "api": "usapi.gizwits.com", "site": "ussite.gizwits.com"}, "Africa/Asmera": {"push": "eupush.gizwits.com", "api": "euapi.gizwits.com", "site": "eusite.gizwits.com"}, "Antarctica/Mawson": {"push": "uspush.gizwits.com", "api": "usapi.gizwits.com", "site": "ussite.gizwits.com"}, "America/Buenos_Aires": {"push": "uspush.gizwits.com", "api": "usapi.gizwits.com", "site": "ussite.gizwits.com"}, "Asia/Kolkata": {"push": "uspush.gizwits.com", "api": "usapi.gizwits.com", "site": "ussite.gizwits.com"}, "Africa/Maseru": {"push": "eupush.gizwits.com", "api": "euapi.gizwits.com", "site": "eusite.gizwits.com"}, "America/Atikokan": {"push": "uspush.gizwits.com", "api": "usapi.gizwits.com", "site": "ussite.gizwits.com"}, "America/St_Johns": {"push": "uspush.gizwits.com", "api": "usapi.gizwits.com", "site": "ussite.gizwits.com"}, "Pacific/Yap": {"push": "uspush.gizwits.com", "api": "usapi.gizwits.com", "site": "ussite.gizwits.com"}, "America/Santa_Isabel": {"push": "uspush.gizwits.com", "api": "usapi.gizwits.com", "site": "ussite.gizwits.com"}, "America/Atka": {"push": "uspush.gizwits.com", "api": "usapi.gizwits.com", "site": "ussite.gizwits.com"}, "Africa/Libreville": {"push": "eupush.gizwits.com", "api": "euapi.gizwits.com", "site": "eusite.gizwits.com"}, "Africa/Freetown": {"push": "eupush.gizwits.com", "api": "euapi.gizwits.com", "site": "eusite.gizwits.com"}, "Africa/Bissau": {"push": "eupush.gizwits.com", "api": "euapi.gizwits.com", "site": "eusite.gizwits.com"}, "Europe/Samara": {"push": "eupush.gizwits.com", "api": "euapi.gizwits.com", "site": "eusite.gizwits.com"}, "Europe/Amsterdam": {"push": "eupush.gizwits.com", "api": "euapi.gizwits.com", "site": "eusite.gizwits.com"}, "Europe/Tirane": {"push": "eupush.gizwits.com", "api": "euapi.gizwits.com", "site": "eusite.gizwits.com"}, "Pacific/Saipan": {"push": "uspush.gizwits.com", "api": "usapi.gizwits.com", "site": "ussite.gizwits.com"}, "Africa/Abidjan": {"push": "eupush.gizwits.com", "api": "euapi.gizwits.com", "site": "eusite.gizwits.com"}, "Europe/Zaporozhye": {"push": "eupush.gizwits.com", "api": "euapi.gizwits.com", "site": "eusite.gizwits.com"}, "HST": {"push": "eupush.gizwits.com", "api": "euapi.gizwits.com", "site": "eusite.gizwits.com"}, "America/El_Salvador": {"push": "uspush.gizwits.com", "api": "usapi.gizwits.com", "site": "ussite.gizwits.com"}, "Europe/Madrid": {"push": "eupush.gizwits.com", "api": "euapi.gizwits.com", "site": "eusite.gizwits.com"}, "Africa/Juba": {"push": "eupush.gizwits.com", "api": "euapi.gizwits.com", "site": "eusite.gizwits.com"}, "America/Santiago": {"push": "uspush.gizwits.com", "api": "usapi.gizwits.com", "site": "ussite.gizwits.com"}, "America/Argentina/Buenos_Aires": {"push": "uspush.gizwits.com", "api": "usapi.gizwits.com", "site": "ussite.gizwits.com"}, "America/Argentina/San_Luis": {"push": "uspush.gizwits.com", "api": "usapi.gizwits.com", "site": "ussite.gizwits.com"}, "Europe/Skopje": {"push": "eupush.gizwits.com", "api": "euapi.gizwits.com", "site": "eusite.gizwits.com"}, "WET": {"push": "uspush.gizwits.com", "api": "usapi.gizwits.com", "site": "ussite.gizwits.com"}, "America/Aruba": {"push": "uspush.gizwits.com", "api": "usapi.gizwits.com", "site": "ussite.gizwits.com"}, "Navajo": {"push": "uspush.gizwits.com", "api": "usapi.gizwits.com", "site": "ussite.gizwits.com"}, "America/Indianapolis": {"push": "uspush.gizwits.com", "api": "usapi.gizwits.com", "site": "ussite.gizwits.com"}, "America/Regina": {"push": "uspush.gizwits.com", "api": "usapi.gizwits.com", "site": "ussite.gizwits.com"}, "Pacific/Truk": {"push": "uspush.gizwits.com", "api": "usapi.gizwits.com", "site": "ussite.gizwits.com"}, "Pacific/Chuuk": {"push": "uspush.gizwits.com", "api": "usapi.gizwits.com", "site": "ussite.gizwits.com"}, "Asia/Khandyga": {"push": "uspush.gizwits.com", "api": "usapi.gizwits.com", "site": "ussite.gizwits.com"}, "Pacific/Funafuti": {"push": "uspush.gizwits.com", "api": "usapi.gizwits.com", "site": "ussite.gizwits.com"}, "Universal": {"push": "uspush.gizwits.com", "api": "usapi.gizwits.com", "site": "ussite.gizwits.com"}, "America/Merida": {"push": "uspush.gizwits.com", "api": "usapi.gizwits.com", "site": "ussite.gizwits.com"}, "America/Guatemala": {"push": "uspush.gizwits.com", "api": "usapi.gizwits.com", "site": "ussite.gizwits.com"}, "Africa/Sao_Tome": {"push": "eupush.gizwits.com", "api": "euapi.gizwits.com", "site": "eusite.gizwits.com"}, "Asia/Tomsk": {"push": "uspush.gizwits.com", "api": "usapi.gizwits.com", "site": "ussite.gizwits.com"}, "Asia/Makassar": {"push": "uspush.gizwits.com", "api": "usapi.gizwits.com", "site": "ussite.gizwits.com"}, "Africa/Bujumbura": {"push": "eupush.gizwits.com", "api": "euapi.gizwits.com", "site": "eusite.gizwits.com"}, "Europe/Chisinau": {"push": "eupush.gizwits.com", "api": "euapi.gizwits.com", "site": "eusite.gizwits.com"}, "America/Monterrey": {"push": "uspush.gizwits.com", "api": "usapi.gizwits.com", "site": "ussite.gizwits.com"}, "Asia/Yekaterinburg": {"push": "uspush.gizwits.com", "api": "usapi.gizwits.com", "site": "ussite.gizwits.com"}, "US/Hawaii": {"push": "uspush.gizwits.com", "api": "usapi.gizwits.com", "site": "ussite.gizwits.com"}, "Antarctica/Casey": {"push": "uspush.gizwits.com", "api": "usapi.gizwits.com", "site": "ussite.gizwits.com"}, "Pacific/Enderbury": {"push": "uspush.gizwits.com", "api": "usapi.gizwits.com", "site": "ussite.gizwits.com"}, "America/Thule": {"push": "uspush.gizwits.com", "api": "usapi.gizwits.com", "site": "ussite.gizwits.com"}, "America/Louisville": {"push": "uspush.gizwits.com", "api": "usapi.gizwits.com", "site": "ussite.gizwits.com"}, "America/Moncton": {"push": "uspush.gizwits.com", "api": "usapi.gizwits.com", "site": "ussite.gizwits.com"}, "Europe/Helsinki": {"push": "eupush.gizwits.com", "api": "euapi.gizwits.com", "site": "eusite.gizwits.com"}, "Atlantic/Cape_Verde": {"push": "uspush.gizwits.com", "api": "usapi.gizwits.com", "site": "ussite.gizwits.com"}, "America/Tegucigalpa": {"push": "uspush.gizwits.com", "api": "usapi.gizwits.com", "site": "ussite.gizwits.com"}, "Indian/Cocos": {"push": "eupush.gizwits.com", "api": "euapi.gizwits.com", "site": "eusite.gizwits.com"}, "America/Boise": {"push": "uspush.gizwits.com", "api": "usapi.gizwits.com", "site": "ussite.gizwits.com"}, "America/Guadeloupe": {"push": "uspush.gizwits.com", "api": "usapi.gizwits.com", "site": "ussite.gizwits.com"}, "America/Nassau": {"push": "uspush.gizwits.com", "api": "usapi.gizwits.com", "site": "ussite.gizwits.com"}, "Europe/Prague": {"push": "eupush.gizwits.com", "api": "euapi.gizwits.com", "site": "eusite.gizwits.com"}, "America/Halifax": {"push": "uspush.gizwits.com", "api": "usapi.gizwits.com", "site": "ussite.gizwits.com"}, "Asia/Hovd": {"push": "uspush.gizwits.com", "api": "usapi.gizwits.com", "site": "ussite.gizwits.com"}, "Canada/Saskatchewan": {"push": "uspush.gizwits.com", "api": "usapi.gizwits.com", "site": "ussite.gizwits.com"}, "America/Manaus": {"push": "uspush.gizwits.com", "api": "usapi.gizwits.com", "site": "ussite.gizwits.com"}, "America/Rankin_Inlet": {"push": "uspush.gizwits.com", "api": "usapi.gizwits.com", "site": "ussite.gizwits.com"}, "Etc/UCT": {"push": "uspush.gizwits.com", "api": "usapi.gizwits.com", "site": "ussite.gizwits.com"}, "GB-Eire": {"push": "eupush.gizwits.com", "api": "euapi.gizwits.com", "site": "eusite.gizwits.com"}, "Etc/Greenwich": {"push": "uspush.gizwits.com", "api": "usapi.gizwits.com", "site": "ussite.gizwits.com"}, "America/Catamarca": {"push": "uspush.gizwits.com", "api": "usapi.gizwits.com", "site": "ussite.gizwits.com"}, "America/North_Dakota/Beulah": {"push": "uspush.gizwits.com", "api": "usapi.gizwits.com", "site": "ussite.gizwits.com"}, "America/Chihuahua": {"push": "uspush.gizwits.com", "api": "usapi.gizwits.com", "site": "ussite.gizwits.com"}, "America/Iqaluit": {"push": "uspush.gizwits.com", "api": "usapi.gizwits.com", "site": "ussite.gizwits.com"}, "America/Argentina/Rio_Gallegos": {"push": "uspush.gizwits.com", "api": "usapi.gizwits.com", "site": "ussite.gizwits.com"}, "Pacific/Gambier": {"push": "uspush.gizwits.com", "api": "usapi.gizwits.com", "site": "ussite.gizwits.com"}, "Europe/Volgograd": {"push": "eupush.gizwits.com", "api": "euapi.gizwits.com", "site": "eusite.gizwits.com"}, "Africa/Bamako": {"push": "eupush.gizwits.com", "api": "euapi.gizwits.com", "site": "eusite.gizwits.com"}, "Asia/Novokuznetsk": {"push": "uspush.gizwits.com", "api": "usapi.gizwits.com", "site": "ussite.gizwits.com"}, "Europe/Uzhgorod": {"push": "eupush.gizwits.com", "api": "euapi.gizwits.com", "site": "eusite.gizwits.com"}, "Africa/Banjul": {"push": "eupush.gizwits.com", "api": "euapi.gizwits.com", "site": "eusite.gizwits.com"}, "Asia/Aqtau": {"push": "uspush.gizwits.com", "api": "usapi.gizwits.com", "site": "ussite.gizwits.com"}, "Pacific/Palau": {"push": "uspush.gizwits.com", "api": "usapi.gizwits.com", "site": "ussite.gizwits.com"}, "Africa/Malabo": {"push": "eupush.gizwits.com", "api": "euapi.gizwits.com", "site": "eusite.gizwits.com"}, "Europe/Minsk": {"push": "eupush.gizwits.com", "api": "euapi.gizwits.com", "site": "eusite.gizwits.com"}, "PST8PDT": {"push": "uspush.gizwits.com", "api": "usapi.gizwits.com", "site": "ussite.gizwits.com"}, "America/Argentina/ComodRivadavia": {"push": "uspush.gizwits.com", "api": "usapi.gizwits.com", "site": "ussite.gizwits.com"}, "Atlantic/Madeira": {"push": "uspush.gizwits.com", "api": "usapi.gizwits.com", "site": "ussite.gizwits.com"}, "Pacific/Noumea": {"push": "uspush.gizwits.com", "api": "usapi.gizwits.com", "site": "ussite.gizwits.com"}, "GMT0": {"push": "eupush.gizwits.com", "api": "euapi.gizwits.com", "site": "eusite.gizwits.com"}, "Africa/Kinshasa": {"push": "eupush.gizwits.com", "api": "euapi.gizwits.com", "site": "eusite.gizwits.com"}, "Europe/Malta": {"push": "eupush.gizwits.com", "api": "euapi.gizwits.com", "site": "eusite.gizwits.com"}, "US/Samoa": {"push": "uspush.gizwits.com", "api": "usapi.gizwits.com", "site": "ussite.gizwits.com"}, "America/Argentina/Ushuaia": {"push": "uspush.gizwits.com", "api": "usapi.gizwits.com", "site": "ussite.gizwits.com"}, "Asia/Chungking": {"push": "uspush.gizwits.com", "api": "usapi.gizwits.com", "site": "ussite.gizwits.com"}, "Asia/Bangkok": {"push": "uspush.gizwits.com", "api": "usapi.gizwits.com", "site": "ussite.gizwits.com"}, "Pacific/Niue": {"push": "uspush.gizwits.com", "api": "usapi.gizwits.com", "site": "ussite.gizwits.com"}, "Australia/Brisbane": {"push": "uspush.gizwits.com", "api": "usapi.gizwits.com", "site": "ussite.gizwits.com"}, "America/Recife": {"push": "uspush.gizwits.com", "api": "usapi.gizwits.com", "site": "ussite.gizwits.com"}, "MST": {"push": "uspush.gizwits.com", "api": "usapi.gizwits.com", "site": "ussite.gizwits.com"}, "Asia/Yerevan": {"push": "uspush.gizwits.com", "api": "usapi.gizwits.com", "site": "ussite.gizwits.com"}, "America/La_Paz": {"push": "uspush.gizwits.com", "api": "usapi.gizwits.com", "site": "ussite.gizwits.com"}, "Poland": {"push": "uspush.gizwits.com", "api": "usapi.gizwits.com", "site": "ussite.gizwits.com"}, "Asia/Urumqi": {"push": "uspush.gizwits.com", "api": "usapi.gizwits.com", "site": "ussite.gizwits.com"}, "Africa/Lusaka": {"push": "eupush.gizwits.com", "api": "euapi.gizwits.com", "site": "eusite.gizwits.com"}, "US/Indiana-Starke": {"push": "uspush.gizwits.com", "api": "usapi.gizwits.com", "site": "ussite.gizwits.com"}, "Pacific/Guadalcanal": {"push": "uspush.gizwits.com", "api": "usapi.gizwits.com", "site": "ussite.gizwits.com"}, "America/Yellowknife": {"push": "uspush.gizwits.com", "api": "usapi.gizwits.com", "site": "ussite.gizwits.com"}, "Australia/LHI": {"push": "uspush.gizwits.com", "api": "usapi.gizwits.com", "site": "ussite.gizwits.com"}, "Asia/Vientiane": {"push": "uspush.gizwits.com", "api": "usapi.gizwits.com", "site": "ussite.gizwits.com"}, "Asia/Kuwait": {"push": "uspush.gizwits.com", "api": "usapi.gizwits.com", "site": "ussite.gizwits.com"}, "Africa/Conakry": {"push": "eupush.gizwits.com", "api": "euapi.gizwits.com", "site": "eusite.gizwits.com"}, "America/Argentina/Tucuman": {"push": "uspush.gizwits.com", "api": "usapi.gizwits.com", "site": "ussite.gizwits.com"}, "Asia/Chita": {"push": "uspush.gizwits.com", "api": "usapi.gizwits.com", "site": "ussite.gizwits.com"}, "Europe/Oslo": {"push": "eupush.gizwits.com", "api": "euapi.gizwits.com", "site": "eusite.gizwits.com"}, "Australia/Currie": {"push": "uspush.gizwits.com", "api": "usapi.gizwits.com", "site": "ussite.gizwits.com"}, "America/St_Kitts": {"push": "uspush.gizwits.com", "api": "usapi.gizwits.com", "site": "ussite.gizwits.com"}, "America/Panama": {"push": "uspush.gizwits.com", "api": "usapi.gizwits.com", "site": "ussite.gizwits.com"}, "Africa/Gaborone": {"push": "eupush.gizwits.com", "api": "euapi.gizwits.com", "site": "eusite.gizwits.com"}, "Asia/Hebron": {"push": "uspush.gizwits.com", "api": "usapi.gizwits.com", "site": "ussite.gizwits.com"}, "America/Guayaquil": {"push": "uspush.gizwits.com", "api": "usapi.gizwits.com", "site": "ussite.gizwits.com"}, "Asia/Kuala_Lumpur": {"push": "uspush.gizwits.com", "api": "usapi.gizwits.com", "site": "ussite.gizwits.com"}, "Europe/London": {"push": "eupush.gizwits.com", "api": "euapi.gizwits.com", "site": "eusite.gizwits.com"}, "America/Menominee": {"push": "uspush.gizwits.com", "api": "usapi.gizwits.com", "site": "ussite.gizwits.com"}, "Asia/Kamchatka": {"push": "uspush.gizwits.com", "api": "usapi.gizwits.com", "site": "ussite.gizwits.com"}, "Europe/Ulyanovsk": {"push": "eupush.gizwits.com", "api": "euapi.gizwits.com", "site": "eusite.gizwits.com"}, "Asia/Vladivostok": {"push": "uspush.gizwits.com", "api": "usapi.gizwits.com", "site": "ussite.gizwits.com"}, "America/Matamoros": {"push": "uspush.gizwits.com", "api": "usapi.gizwits.com", "site": "ussite.gizwits.com"}, "Brazil/DeNoronha": {"push": "uspush.gizwits.com", "api": "usapi.gizwits.com", "site": "ussite.gizwits.com"}, "Asia/Qatar": {"push": "uspush.gizwits.com", "api": "usapi.gizwits.com", "site": "ussite.gizwits.com"}, "Israel": {"push": "uspush.gizwits.com", "api": "usapi.gizwits.com", "site": "ussite.gizwits.com"}, "NZ-CHAT": {"push": "uspush.gizwits.com", "api": "usapi.gizwits.com", "site": "ussite.gizwits.com"}, "Asia/Dubai": {"push": "uspush.gizwits.com", "api": "usapi.gizwits.com", "site": "ussite.gizwits.com"}, "Asia/Yakutsk": {"push": "uspush.gizwits.com", "api": "usapi.gizwits.com", "site": "ussite.gizwits.com"}, "Asia/Omsk": {"push": "uspush.gizwits.com", "api": "usapi.gizwits.com", "site": "ussite.gizwits.com"}, "Africa/Bangui": {"push": "eupush.gizwits.com", "api": "euapi.gizwits.com", "site": "eusite.gizwits.com"}, "UTC": {"push": "uspush.gizwits.com", "api": "usapi.gizwits.com", "site": "ussite.gizwits.com"}, "America/Paramaribo": {"push": "uspush.gizwits.com", "api": "usapi.gizwits.com", "site": "ussite.gizwits.com"}, "Etc/GMT-11": {"push": "uspush.gizwits.com", "api": "usapi.gizwits.com", "site": "ussite.gizwits.com"}, "Etc/GMT-10": {"push": "uspush.gizwits.com", "api": "usapi.gizwits.com", "site": "ussite.gizwits.com"}, "Africa/Lubumbashi": {"push": "eupush.gizwits.com", "api": "euapi.gizwits.com", "site": "eusite.gizwits.com"}, "Etc/GMT-12": {"push": "uspush.gizwits.com", "api": "usapi.gizwits.com", "site": "ussite.gizwits.com"}, "Etc/GMT-14": {"push": "uspush.gizwits.com", "api": "usapi.gizwits.com", "site": "ussite.gizwits.com"}, "Pacific/Marquesas": {"push": "uspush.gizwits.com", "api": "usapi.gizwits.com", "site": "ussite.gizwits.com"}, "US/Central": {"push": "uspush.gizwits.com", "api": "usapi.gizwits.com", "site": "ussite.gizwits.com"}, "Europe/Bratislava": {"push": "eupush.gizwits.com", "api": "euapi.gizwits.com", "site": "eusite.gizwits.com"}, "Asia/Anadyr": {"push": "uspush.gizwits.com", "api": "usapi.gizwits.com", "site": "ussite.gizwits.com"}, "America/New_York": {"push": "uspush.gizwits.com", "api": "usapi.gizwits.com", "site": "ussite.gizwits.com"}, "Pacific/Norfolk": {"push": "uspush.gizwits.com", "api": "usapi.gizwits.com", "site": "ussite.gizwits.com"}, "CST6CDT": {"push": "uspush.gizwits.com", "api": "usapi.gizwits.com", "site": "ussite.gizwits.com"}, "Pacific/Rarotonga": {"push": "uspush.gizwits.com", "api": "usapi.gizwits.com", "site": "ussite.gizwits.com"}, "America/Dominica": {"push": "uspush.gizwits.com", "api": "usapi.gizwits.com", "site": "ussite.gizwits.com"}, "Africa/Porto-Novo": {"push": "eupush.gizwits.com", "api": "euapi.gizwits.com", "site": "eusite.gizwits.com"}, "Asia/Samarkand": {"push": "uspush.gizwits.com", "api": "usapi.gizwits.com", "site": "ussite.gizwits.com"}, "Asia/Dushanbe": {"push": "uspush.gizwits.com", "api": "usapi.gizwits.com", "site": "ussite.gizwits.com"}, "America/Kentucky/Louisville": {"push": "uspush.gizwits.com", "api": "usapi.gizwits.com", "site": "ussite.gizwits.com"}, "America/Toronto": {"push": "uspush.gizwits.com", "api": "usapi.gizwits.com", "site": "ussite.gizwits.com"}, "America/Bahia": {"push": "uspush.gizwits.com", "api": "usapi.gizwits.com", "site": "ussite.gizwits.com"}, "Indian/Maldives": {"push": "eupush.gizwits.com", "api": "euapi.gizwits.com", "site": "eusite.gizwits.com"}, "Africa/Accra": {"push": "eupush.gizwits.com", "api": "euapi.gizwits.com", "site": "eusite.gizwits.com"}, "Antarctica/South_Pole": {"push": "uspush.gizwits.com", "api": "usapi.gizwits.com", "site": "ussite.gizwits.com"}, "Asia/Muscat": {"push": "uspush.gizwits.com", "api": "usapi.gizwits.com", "site": "ussite.gizwits.com"}, "America/Virgin": {"push": "uspush.gizwits.com", "api": "usapi.gizwits.com", "site": "ussite.gizwits.com"}, "America/Edmonton": {"push": "uspush.gizwits.com", "api": "usapi.gizwits.com", "site": "ussite.gizwits.com"}, "Pacific/Wake": {"push": "uspush.gizwits.com", "api": "usapi.gizwits.com", "site": "ussite.gizwits.com"}, "America/Indiana/Tell_City": {"push": "uspush.gizwits.com", "api": "usapi.gizwits.com", "site": "ussite.gizwits.com"}, "Australia/Darwin": {"push": "uspush.gizwits.com", "api": "usapi.gizwits.com", "site": "ussite.gizwits.com"}, "America/Whitehorse": {"push": "uspush.gizwits.com", "api": "usapi.gizwits.com", "site": "ussite.gizwits.com"}, "America/Swift_Current": {"push": "uspush.gizwits.com", "api": "usapi.gizwits.com", "site": "ussite.gizwits.com"}, "Europe/Copenhagen": {"push": "eupush.gizwits.com", "api": "euapi.gizwits.com", "site": "eusite.gizwits.com"}, "America/Argentina/Salta": {"push": "uspush.gizwits.com", "api": "usapi.gizwits.com", "site": "ussite.gizwits.com"}, "America/Montserrat": {"push": "uspush.gizwits.com", "api": "usapi.gizwits.com", "site": "ussite.gizwits.com"}, "America/Mendoza": {"push": "uspush.gizwits.com", "api": "usapi.gizwits.com", "site": "ussite.gizwits.com"}, "US/Mountain": {"push": "uspush.gizwits.com", "api": "usapi.gizwits.com", "site": "ussite.gizwits.com"}, "Europe/Simferopol": {"push": "eupush.gizwits.com", "api": "euapi.gizwits.com", "site": "eusite.gizwits.com"}, "Africa/Blantyre": {"push": "eupush.gizwits.com", "api": "euapi.gizwits.com", "site": "eusite.gizwits.com"}, "America/Detroit": {"push": "uspush.gizwits.com", "api": "usapi.gizwits.com", "site": "ussite.gizwits.com"}, "America/Shiprock": {"push": "uspush.gizwits.com", "api": "usapi.gizwits.com", "site": "ussite.gizwits.com"}, "America/Grenada": {"push": "uspush.gizwits.com", "api": "usapi.gizwits.com", "site": "ussite.gizwits.com"}, "Atlantic/Faroe": {"push": "uspush.gizwits.com", "api": "usapi.gizwits.com", "site": "ussite.gizwits.com"}, "America/Indiana/Petersburg": {"push": "uspush.gizwits.com", "api": "usapi.gizwits.com", "site": "ussite.gizwits.com"}, "Asia/Kathmandu": {"push": "uspush.gizwits.com", "api": "usapi.gizwits.com", "site": "ussite.gizwits.com"}, "Asia/Pontianak": {"push": "uspush.gizwits.com", "api": "usapi.gizwits.com", "site": "ussite.gizwits.com"}, "Jamaica": {"push": "uspush.gizwits.com", "api": "usapi.gizwits.com", "site": "ussite.gizwits.com"}, "Europe/Athens": {"push": "eupush.gizwits.com", "api": "euapi.gizwits.com", "site": "eusite.gizwits.com"}, "America/Port-au-Prince": {"push": "uspush.gizwits.com", "api": "usapi.gizwits.com", "site": "ussite.gizwits.com"}, "America/Cayman": {"push": "uspush.gizwits.com", "api": "usapi.gizwits.com", "site": "ussite.gizwits.com"}, "Etc/Universal": {"push": "uspush.gizwits.com", "api": "usapi.gizwits.com", "site": "ussite.gizwits.com"}, "Africa/Dar_es_Salaam": {"push": "eupush.gizwits.com", "api": "euapi.gizwits.com", "site": "eusite.gizwits.com"}, "America/Curacao": {"push": "uspush.gizwits.com", "api": "usapi.gizwits.com", "site": "ussite.gizwits.com"}, "Indian/Kerguelen": {"push": "eupush.gizwits.com", "api": "euapi.gizwits.com", "site": "eusite.gizwits.com"}, "Africa/Khartoum": {"push": "eupush.gizwits.com", "api": "euapi.gizwits.com", "site": "eusite.gizwits.com"}, "Asia/Manila": {"push": "uspush.gizwits.com", "api": "usapi.gizwits.com", "site": "ussite.gizwits.com"}, "Africa/Lome": {"push": "eupush.gizwits.com", "api": "euapi.gizwits.com", "site": "eusite.gizwits.com"}, "America/Jujuy": {"push": "uspush.gizwits.com", "api": "usapi.gizwits.com", "site": "ussite.gizwits.com"}, "Africa/Douala": {"push": "eupush.gizwits.com", "api": "euapi.gizwits.com", "site": "eusite.gizwits.com"}, "EET": {"push": "uspush.gizwits.com", "api": "usapi.gizwits.com", "site": "ussite.gizwits.com"}, "America/Argentina/San_Juan": {"push": "uspush.gizwits.com", "api": "usapi.gizwits.com", "site": "ussite.gizwits.com"}, "America/North_Dakota/New_Salem": {"push": "uspush.gizwits.com", "api": "usapi.gizwits.com", "site": "ussite.gizwits.com"}, "America/Kralendijk": {"push": "uspush.gizwits.com", "api": "usapi.gizwits.com", "site": "ussite.gizwits.com"}, "Pacific/Port_Moresby": {"push": "uspush.gizwits.com", "api": "usapi.gizwits.com", "site": "ussite.gizwits.com"}, "Europe/Jersey": {"push": "eupush.gizwits.com", "api": "euapi.gizwits.com", "site": "eusite.gizwits.com"}, "Asia/Macao": {"push": "uspush.gizwits.com", "api": "usapi.gizwits.com", "site": "ussite.gizwits.com"}, "Europe/Andorra": {"push": "eupush.gizwits.com", "api": "euapi.gizwits.com", "site": "eusite.gizwits.com"}, "ROK": {"push": "uspush.gizwits.com", "api": "usapi.gizwits.com", "site": "ussite.gizwits.com"}, "Cuba": {"push": "uspush.gizwits.com", "api": "usapi.gizwits.com", "site": "ussite.gizwits.com"}, "Europe/Luxembourg": {"push": "eupush.gizwits.com", "api": "euapi.gizwits.com", "site": "eusite.gizwits.com"}, "Pacific/Honolulu": {"push": "uspush.gizwits.com", "api": "usapi.gizwits.com", "site": "ussite.gizwits.com"}, "ROC": {"push": "uspush.gizwits.com", "api": "usapi.gizwits.com", "site": "ussite.gizwits.com"}, "America/St_Thomas": {"push": "uspush.gizwits.com", "api": "usapi.gizwits.com", "site": "ussite.gizwits.com"}, "Pacific/Majuro": {"push": "uspush.gizwits.com", "api": "usapi.gizwits.com", "site": "ussite.gizwits.com"}, "Asia/Hong_Kong": {"push": "uspush.gizwits.com", "api": "usapi.gizwits.com", "site": "ussite.gizwits.com"}, "Asia/Macau": {"push": "uspush.gizwits.com", "api": "usapi.gizwits.com", "site": "ussite.gizwits.com"}, "MST7MDT": {"push": "uspush.gizwits.com", "api": "usapi.gizwits.com", "site": "ussite.gizwits.com"}, "Europe/Belgrade": {"push": "eupush.gizwits.com", "api": "euapi.gizwits.com", "site": "eusite.gizwits.com"}, "Asia/Choibalsan": {"push": "uspush.gizwits.com", "api": "usapi.gizwits.com", "site": "ussite.gizwits.com"}, "US/Eastern": {"push": "uspush.gizwits.com", "api": "usapi.gizwits.com", "site": "ussite.gizwits.com"}, "Europe/Mariehamn": {"push": "eupush.gizwits.com", "api": "euapi.gizwits.com", "site": "eusite.gizwits.com"}, "Antarctica/McMurdo": {"push": "uspush.gizwits.com", "api": "usapi.gizwits.com", "site": "ussite.gizwits.com"}, "America/Thunder_Bay": {"push": "uspush.gizwits.com", "api": "usapi.gizwits.com", "site": "ussite.gizwits.com"}, "America/Los_Angeles": {"push": "uspush.gizwits.com", "api": "usapi.gizwits.com", "site": "ussite.gizwits.com"}, "Asia/Kabul": {"push": "uspush.gizwits.com", "api": "usapi.gizwits.com", "site": "ussite.gizwits.com"}, "Indian/Antananarivo": {"push": "eupush.gizwits.com", "api": "euapi.gizwits.com", "site": "eusite.gizwits.com"}, "Europe/Sarajevo": {"push": "eupush.gizwits.com", "api": "euapi.gizwits.com", "site": "eusite.gizwits.com"}, "Atlantic/Reykjavik": {"push": "uspush.gizwits.com", "api": "usapi.gizwits.com", "site": "ussite.gizwits.com"}, "Asia/Nicosia": {"push": "uspush.gizwits.com", "api": "usapi.gizwits.com", "site": "ussite.gizwits.com"}, "Etc/GMT+11": {"push": "uspush.gizwits.com", "api": "usapi.gizwits.com", "site": "ussite.gizwits.com"}, "Etc/GMT+10": {"push": "uspush.gizwits.com", "api": "usapi.gizwits.com", "site": "ussite.gizwits.com"}, "Pacific/Ponape": {"push": "uspush.gizwits.com", "api": "usapi.gizwits.com", "site": "ussite.gizwits.com"}, "Japan": {"push": "uspush.gizwits.com", "api": "usapi.gizwits.com", "site": "ussite.gizwits.com"}, "Asia/Ulan_Bator": {"push": "uspush.gizwits.com", "api": "usapi.gizwits.com", "site": "ussite.gizwits.com"}, "Asia/Barnaul": {"push": "uspush.gizwits.com", "api": "usapi.gizwits.com", "site": "ussite.gizwits.com"}, "Kwajalein": {"push": "uspush.gizwits.com", "api": "usapi.gizwits.com", "site": "ussite.gizwits.com"}, "Pacific/Tongatapu": {"push": "uspush.gizwits.com", "api": "usapi.gizwits.com", "site": "ussite.gizwits.com"}, "America/Marigot": {"push": "uspush.gizwits.com", "api": "usapi.gizwits.com", "site": "ussite.gizwits.com"}, "Pacific/Pitcairn": {"push": "uspush.gizwits.com", "api": "usapi.gizwits.com", "site": "ussite.gizwits.com"}, "Pacific/Easter": {"push": "uspush.gizwits.com", "api": "usapi.gizwits.com", "site": "ussite.gizwits.com"}, "US/East-Indiana": {"push": "uspush.gizwits.com", "api": "usapi.gizwits.com", "site": "ussite.gizwits.com"}, "Atlantic/South_Georgia": {"push": "uspush.gizwits.com", "api": "usapi.gizwits.com", "site": "ussite.gizwits.com"}, "Africa/El_Aaiun": {"push": "eupush.gizwits.com", "api": "euapi.gizwits.com", "site": "eusite.gizwits.com"}, "US/Pacific-New": {"push": "uspush.gizwits.com", "api": "usapi.gizwits.com", "site": "ussite.gizwits.com"}, "Chile/Continental": {"push": "uspush.gizwits.com", "api": "usapi.gizwits.com", "site": "ussite.gizwits.com"}, "Europe/Kirov": {"push": "eupush.gizwits.com", "api": "euapi.gizwits.com", "site": "eusite.gizwits.com"}, "America/Campo_Grande": {"push": "uspush.gizwits.com", "api": "usapi.gizwits.com", "site": "ussite.gizwits.com"}, "America/Dawson_Creek": {"push": "uspush.gizwits.com", "api": "usapi.gizwits.com", "site": "ussite.gizwits.com"}, "America/Rosario": {"push": "uspush.gizwits.com", "api": "usapi.gizwits.com", "site": "ussite.gizwits.com"}, "Antarctica/Vostok": {"push": "uspush.gizwits.com", "api": "usapi.gizwits.com", "site": "ussite.gizwits.com"}, "US/Aleutian": {"push": "uspush.gizwits.com", "api": "usapi.gizwits.com", "site": "ussite.gizwits.com"}, "Europe/Bucharest": {"push": "eupush.gizwits.com", "api": "euapi.gizwits.com", "site": "eusite.gizwits.com"}, "America/Porto_Velho": {"push": "uspush.gizwits.com", "api": "usapi.gizwits.com", "site": "ussite.gizwits.com"}, "Europe/Monaco": {"push": "eupush.gizwits.com", "api": "euapi.gizwits.com", "site": "eusite.gizwits.com"}, "America/Indiana/Marengo": {"push": "uspush.gizwits.com", "api": "usapi.gizwits.com", "site": "ussite.gizwits.com"}, "Africa/Ceuta": {"push": "eupush.gizwits.com", "api": "euapi.gizwits.com", "site": "eusite.gizwits.com"}, "Europe/Rome": {"push": "eupush.gizwits.com", "api": "euapi.gizwits.com", "site": "eusite.gizwits.com"}, "America/Winnipeg": {"push": "uspush.gizwits.com", "api": "usapi.gizwits.com", "site": "ussite.gizwits.com"}, "America/Knox_IN": {"push": "uspush.gizwits.com", "api": "usapi.gizwits.com", "site": "ussite.gizwits.com"}, "Asia/Aqtobe": {"push": "uspush.gizwits.com", "api": "usapi.gizwits.com", "site": "ussite.gizwits.com"}, "Africa/Dakar": {"push": "eupush.gizwits.com", "api": "euapi.gizwits.com", "site": "eusite.gizwits.com"}, "America/Fortaleza": {"push": "uspush.gizwits.com", "api": "usapi.gizwits.com", "site": "ussite.gizwits.com"}, "Pacific/Samoa": {"push": "uspush.gizwits.com", "api": "usapi.gizwits.com", "site": "ussite.gizwits.com"}, "Pacific/Tarawa": {"push": "uspush.gizwits.com", "api": "usapi.gizwits.com", "site": "ussite.gizwits.com"}, "America/Dawson": {"push": "uspush.gizwits.com", "api": "usapi.gizwits.com", "site": "ussite.gizwits.com"}, "Africa/Addis_Ababa": {"push": "eupush.gizwits.com", "api": "euapi.gizwits.com", "site": "eusite.gizwits.com"}, "Pacific/Efate": {"push": "uspush.gizwits.com", "api": "usapi.gizwits.com", "site": "ussite.gizwits.com"}, "Pacific/Johnston": {"push": "uspush.gizwits.com", "api": "usapi.gizwits.com", "site": "ussite.gizwits.com"}, "GMT": {"push": "eupush.gizwits.com", "api": "euapi.gizwits.com", "site": "eusite.gizwits.com"}, "Canada/Yukon": {"push": "uspush.gizwits.com", "api": "usapi.gizwits.com", "site": "ussite.gizwits.com"}, "Asia/Qyzylorda": {"push": "uspush.gizwits.com", "api": "usapi.gizwits.com", "site": "ussite.gizwits.com"}, "Europe/San_Marino": {"push": "eupush.gizwits.com", "api": "euapi.gizwits.com", "site": "eusite.gizwits.com"}, "Asia/Jerusalem": {"push": "uspush.gizwits.com", "api": "usapi.gizwits.com", "site": "ussite.gizwits.com"}, "MET": {"push": "uspush.gizwits.com", "api": "usapi.gizwits.com", "site": "ussite.gizwits.com"}, "Pacific/Auckland": {"push": "uspush.gizwits.com", "api": "usapi.gizwits.com", "site": "ussite.gizwits.com"}, "America/Metlakatla": {"push": "uspush.gizwits.com", "api": "usapi.gizwits.com", "site": "ussite.gizwits.com"}, "Etc/Zulu": {"push": "uspush.gizwits.com", "api": "usapi.gizwits.com", "site": "ussite.gizwits.com"}, "America/Denver": {"push": "uspush.gizwits.com", "api": "usapi.gizwits.com", "site": "ussite.gizwits.com"}, "Indian/Chagos": {"push": "eupush.gizwits.com", "api": "euapi.gizwits.com", "site": "eusite.gizwits.com"}, "America/Glace_Bay": {"push": "uspush.gizwits.com", "api": "usapi.gizwits.com", "site": "ussite.gizwits.com"}, "Pacific/Bougainville": {"push": "uspush.gizwits.com", "api": "usapi.gizwits.com", "site": "ussite.gizwits.com"}, "America/Hermosillo": {"push": "uspush.gizwits.com", "api": "usapi.gizwits.com", "site": "ussite.gizwits.com"}, "Africa/Tunis": {"push": "eupush.gizwits.com", "api": "euapi.gizwits.com", "site": "eusite.gizwits.com"}, "Etc/GMT-0": {"push": "uspush.gizwits.com", "api": "usapi.gizwits.com", "site": "ussite.gizwits.com"}, "Asia/Ust-Nera": {"push": "uspush.gizwits.com", "api": "usapi.gizwits.com", "site": "ussite.gizwits.com"}, "Europe/Vaduz": {"push": "eupush.gizwits.com", "api": "euapi.gizwits.com", "site": "eusite.gizwits.com"}, "America/Resolute": {"push": "uspush.gizwits.com", "api": "usapi.gizwits.com", "site": "ussite.gizwits.com"}, "Etc/GMT": {"push": "uspush.gizwits.com", "api": "usapi.gizwits.com", "site": "ussite.gizwits.com"}, "Asia/Gaza": {"push": "uspush.gizwits.com", "api": "usapi.gizwits.com", "site": "ussite.gizwits.com"}, "Europe/Dublin": {"push": "eupush.gizwits.com", "api": "euapi.gizwits.com", "site": "eusite.gizwits.com"}, "GMT+0": {"push": "eupush.gizwits.com", "api": "euapi.gizwits.com", "site": "eusite.gizwits.com"}, "Antarctica/DumontDUrville": {"push": "uspush.gizwits.com", "api": "usapi.gizwits.com", "site": "ussite.gizwits.com"}, "America/Argentina/Catamarca": {"push": "uspush.gizwits.com", "api": "usapi.gizwits.com", "site": "ussite.gizwits.com"}, "America/Indiana/Knox": {"push": "uspush.gizwits.com", "api": "usapi.gizwits.com", "site": "ussite.gizwits.com"}, "Europe/Nicosia": {"push": "eupush.gizwits.com", "api": "euapi.gizwits.com", "site": "eusite.gizwits.com"}, "Africa/Timbuktu": {"push": "eupush.gizwits.com", "api": "euapi.gizwits.com", "site": "eusite.gizwits.com"}, "Asia/Novosibirsk": {"push": "uspush.gizwits.com", "api": "usapi.gizwits.com", "site": "ussite.gizwits.com"}, "EST": {"push": "uspush.gizwits.com", "api": "usapi.gizwits.com", "site": "ussite.gizwits.com"}, "Mexico/BajaNorte": {"push": "uspush.gizwits.com", "api": "usapi.gizwits.com", "site": "ussite.gizwits.com"}, "Africa/Kigali": {"push": "eupush.gizwits.com", "api": "euapi.gizwits.com", "site": "eusite.gizwits.com"}, "Brazil/West": {"push": "uspush.gizwits.com", "api": "usapi.gizwits.com", "site": "ussite.gizwits.com"}, "America/Grand_Turk": {"push": "uspush.gizwits.com", "api": "usapi.gizwits.com", "site": "ussite.gizwits.com"}, "Mexico/BajaSur": {"push": "uspush.gizwits.com", "api": "usapi.gizwits.com", "site": "ussite.gizwits.com"}, "Canada/Central": {"push": "uspush.gizwits.com", "api": "usapi.gizwits.com", "site": "ussite.gizwits.com"}, "Africa/Lagos": {"push": "eupush.gizwits.com", "api": "euapi.gizwits.com", "site": "eusite.gizwits.com"}, "GMT-0": {"push": "eupush.gizwits.com", "api": "euapi.gizwits.com", "site": "eusite.gizwits.com"}, "Europe/Sofia": {"push": "eupush.gizwits.com", "api": "euapi.gizwits.com", "site": "eusite.gizwits.com"}, "Singapore": {"push": "uspush.gizwits.com", "api": "usapi.gizwits.com", "site": "ussite.gizwits.com"}, "Africa/Tripoli": {"push": "eupush.gizwits.com", "api": "euapi.gizwits.com", "site": "eusite.gizwits.com"}, "America/Anchorage": {"push": "uspush.gizwits.com", "api": "usapi.gizwits.com", "site": "ussite.gizwits.com"}, "Pacific/Nauru": {"push": "uspush.gizwits.com", "api": "usapi.gizwits.com", "site": "ussite.gizwits.com"}}